HMMER,DRR127476_bin.16,DRR127514_bin.3,DRR127619_bin.11,DRR127718_bin.11,DRR127720_bin.6,DRR127752_bin.18_sub,DRR127755_bin.21,MH_sensitive_DRR127478_SemiBin_56,MH_sensitive_DRR127532_SemiBin_33,MH_sensitive_DRR127537_SemiBin_56,MH_sensitive_DRR127557_SemiBin_47,MH_sensitive_DRR127567_SemiBin_19,MH_sensitive_DRR127647_SemiBin_28,MH_sensitive_DRR127692_SemiBin_11,MH_sensitive_DRR127708_SemiBin_52,MH_sensitive_DRR127721_SemiBin_53,MH_sensitive_DRR127736_SemiBin_32,MH_sensitive_DRR127751_SemiBin_5,MH_sensitive_DRR171465_SemiBin_39
AA1,2,2,2,2,2,2,2,2,2,2,1,2,2,2,2,2,2,2,2
AA3,1,0,1,1,1,1,1,1,1,1,1,1,1,1,1,1,1,1,1
AA6,1,1,1,2,1,2,1,2,1,2,1,1,1,1,2,1,2,1,2
AA7,1,1,1,1,1,1,0,1,1,1,0,1,1,1,1,1,1,1,1
CBM34,1,1,1,1,1,1,1,1,1,1,1,0,1,1,1,1,1,1,1
CBM48,2,2,2,2,2,2,2,3,2,2,2,2,2,2,2,2,2,2,2
CBM50,0,0,0,0,0,0,0,1,0,0,0,0,0,0,0,0,0,0,0
CBM69,0,0,0,0,1,0,0,0,0,0,0,0,0,0,0,0,0,0,0
CE1,4,5,4,4,5,2,4,5,4,4,3,4,4,4,4,3,4,3,4
CE11,1,1,1,1,1,1,1,1,1,1,1,1,1,1,1,1,1,1,1
CE14,1,0,1,1,1,1,0,2,0,0,1,1,1,1,1,1,0,1,1
CE4,1,2,2,2,2,2,3,2,2,1,1,2,1,1,2,2,2,2,2
CE8,1,1,1,1,0,1,1,1,1,1,1,1,1,1,1,1,1,0,1
CE9,2,1,2,2,2,2,2,2,2,2,2,0,2,2,2,2,2,2,2
GH1,4,3,4,3,3,4,3,4,2,2,2,3,2,3,3,2,2,2,4
GH102,1,1,1,1,1,1,1,1,1,1,1,1,2,1,1,1,1,1,1
GH103,1,1,1,1,1,1,1,1,1,1,1,1,1,1,1,1,1,1,1
GH104,1,1,1,1,1,1,0,0,1,1,0,0,0,0,0,1,1,1,2
GH109,1,1,1,1,1,1,1,1,1,1,1,1,1,1,1,1,1,1,1
GH127,1,2,0,0,2,0,0,0,1,0,1,0,1,0,0,1,1,0,0
GH13,8,7,8,7,11,7,7,8,7,7,7,7,7,6,7,8,7,8,7
GH15,1,1,1,0,1,0,1,0,1,0,1,1,0,1,0,1,0,1,0
GH153,0,1,1,1,1,1,2,1,1,0,0,1,0,0,1,1,1,1,1
GH154,0,0,0,0,0,0,0,0,1,0,0,0,0,0,0,0,0,0,0
GH177,0,1,0,0,0,0,0,0,0,0,1,0,0,0,0,0,0,0,0
GH179,3,3,3,3,4,2,3,3,2,3,3,3,2,2,3,3,3,3,3
GH19,0,0,2,0,0,0,0,1,0,0,0,0,1,0,0,1,0,0,1
GH2,3,3,3,3,4,3,3,3,3,3,3,3,4,3,3,3,3,3,3
GH23,6,7,5,5,5,4,6,5,5,6,5,5,4,4,4,5,6,7,6
GH24,2,3,2,2,1,2,3,2,3,1,2,0,1,0,1,3,0,3,1
GH25,1,2,1,1,1,1,2,1,1,1,0,2,0,1,1,1,1,1,1
GH3,2,2,2,2,2,2,2,2,2,2,2,2,2,2,2,2,2,2,2
GH31,3,4,1,1,2,1,2,1,2,2,6,1,3,1,1,3,2,3,1
GH32,1,0,1,1,2,0,0,0,1,2,1,0,1,0,0,0,1,1,0
GH33,0,0,0,1,0,1,0,0,0,1,0,0,0,0,1,0,1,1,1
GH37,2,2,2,2,2,2,2,1,2,2,2,1,2,2,2,2,2,2,2
GH38,1,1,2,0,2,0,1,0,0,1,0,1,0,2,0,0,1,0,1
GH4,3,3,4,2,3,2,3,2,4,2,3,3,2,4,2,3,2,2,2
GH58,0,1,0,0,0,1,0,0,0,0,0,0,0,0,0,0,0,0,0
GH63,1,1,1,2,1,1,1,1,1,1,1,0,2,1,1,1,1,1,1
GH65,1,1,1,1,1,1,1,1,0,1,0,1,0,0,1,1,1,1,1
GH73,2,2,2,2,2,2,2,1,2,2,2,2,2,2,2,2,2,2,2
GH77,1,1,1,1,1,1,1,1,1,1,1,1,1,1,1,1,1,1,1
GH8,1,0,1,1,1,1,1,0,1,1,1,1,1,1,1,1,1,0,1
GT1,0,1,0,0,0,0,0,1,1,0,0,0,0,0,0,0,0,0,0
GT107,0,2,0,2,0,2,0,2,0,0,0,0,0,0,0,2,0,0,2
GT111,0,0,0,0,0,0,0,0,0,2,0,0,0,0,0,0,0,0,0
GT112,0,0,0,0,0,0,0,0,0,1,0,0,0,0,0,0,0,0,0
GT19,1,1,1,1,1,1,1,1,1,1,1,1,1,1,1,1,1,0,1
GT2,10,7,10,11,12,10,10,8,10,8,9,9,7,8,9,11,10,9,10
GT20,1,1,1,1,1,1,1,1,1,1,1,1,1,1,1,1,1,1,1
GT25,0,0,0,0,0,0,1,1,1,0,0,0,0,0,0,1,0,1,0
GT26,1,1,1,2,1,1,1,1,1,1,1,1,1,1,1,1,1,1,1
GT28,1,1,1,1,1,1,1,1,1,1,1,1,1,1,1,1,1,1,1
GT30,1,1,1,1,1,1,1,0,1,1,1,1,1,1,1,1,1,1,1
GT35,2,2,2,2,2,2,2,2,2,2,2,1,2,2,2,2,2,3,2
GT38,0,1,0,0,0,1,0,0,0,0,0,0,0,0,0,0,0,0,1
GT4,4,1,2,2,2,2,2,1,6,2,2,1,1,2,2,4,4,1,4
GT45,0,0,0,0,0,0,0,0,0,0,0,0,0,0,0,1,0,0,0
GT5,1,1,1,1,1,1,1,1,1,1,1,1,1,1,1,1,1,1,1
GT51,4,4,4,4,4,4,4,4,4,4,4,3,4,4,4,4,4,4,4
GT56,1,1,1,1,1,1,1,1,1,1,1,1,1,1,1,1,1,1,1
GT73,0,0,0,0,0,0,0,0,0,1,0,0,0,0,0,0,1,0,0
GT8,2,3,0,3,3,3,3,0,3,4,2,3,2,2,2,3,2,3,3
GT83,1,1,1,1,1,1,1,1,1,1,1,1,1,1,1,1,1,1,1
GT9,4,4,3,4,4,4,4,1,5,5,3,3,3,3,4,4,5,4,4
PL22,0,0,0,0,0,0,0,0,0,0,0,0,2,0,0,0,0,0,0
