	DRR127476_bin.16	DRR127514_bin.3	DRR127619_bin.11	DRR127718_bin.11	DRR127720_bin.6	DRR127752_bin.18_sub	DRR127755_bin.21	MH_sensitive_DRR127478_SemiBin_56	MH_sensitive_DRR127532_SemiBin_33	MH_sensitive_DRR127537_SemiBin_56	MH_sensitive_DRR127557_SemiBin_47	MH_sensitive_DRR127567_SemiBin_19	MH_sensitive_DRR127647_SemiBin_28	MH_sensitive_DRR127692_SemiBin_11	MH_sensitive_DRR127708_SemiBin_52	MH_sensitive_DRR127721_SemiBin_53	MH_sensitive_DRR127736_SemiBin_32	MH_sensitive_DRR127751_SemiBin_5	MH_sensitive_DRR171465_SemiBin_39
DRR127476_bin.16	0.00	1.59	1.00	3.03	1.51	3.15	1.36	3.03	2.23	2.87	2.90	0.97	2.70	1.14	3.29	2.73	3.11	2.62	3.07
DRR127514_bin.3	1.59	0.00	1.59	3.17	1.31	3.37	1.31	3.05	2.03	3.18	2.67	1.37	2.78	1.06	3.23	2.50	3.05	2.66	3.19
DRR127619_bin.11	1.00	1.59	0.00	3.46	1.53	3.23	1.42	3.15	2.12	3.17	2.91	0.97	2.62	1.19	3.36	2.76	3.09	2.56	3.37
DRR127718_bin.11	3.03	3.17	3.46	0.00	3.15	1.25	2.96	1.03	3.06	1.43	3.46	3.08	2.34	3.10	0.99	2.80	1.43	3.04	1.09
DRR127720_bin.6	1.51	1.31	1.53	3.15	0.00	3.23	1.05	3.10	1.98	3.13	2.64	1.41	2.75	1.24	3.14	2.79	3.14	2.68	3.09
DRR127752_bin.18_sub	3.15	3.37	3.23	1.25	3.23	0.00	3.21	1.15	3.16	1.74	3.21	3.36	2.62	3.27	1.20	2.90	1.63	3.19	0.28
DRR127755_bin.21	1.36	1.31	1.42	2.96	1.05	3.21	0.00	2.97	1.94	3.11	3.20	1.32	2.75	1.14	3.36	2.63	3.14	2.67	2.98
MH_sensitive_DRR127478_SemiBin_56	3.03	3.05	3.15	1.03	3.10	1.15	2.97	0.00	3.08	1.64	3.43	2.95	2.45	3.11	0.99	2.83	1.74	3.22	1.03
MH_sensitive_DRR127532_SemiBin_33	2.23	2.03	2.12	3.06	1.98	3.16	1.94	3.08	0.00	3.32	2.93	1.92	2.70	1.88	3.10	2.84	3.29	2.65	3.01
MH_sensitive_DRR127537_SemiBin_56	2.87	3.18	3.17	1.43	3.13	1.74	3.11	1.64	3.32	0.00	3.38	3.08	2.44	3.11	1.64	2.66	1.60	2.90	1.63
MH_sensitive_DRR127557_SemiBin_47	2.90	2.67	2.91	3.46	2.64	3.21	3.20	3.43	2.93	3.38	0.00	2.53	2.38	2.60	3.39	2.49	3.47	1.81	3.34
MH_sensitive_DRR127567_SemiBin_19	0.97	1.37	0.97	3.08	1.41	3.36	1.32	2.95	1.92	3.08	2.53	0.00	2.74	1.22	3.10	2.57	2.93	2.48	3.09
MH_sensitive_DRR127647_SemiBin_28	2.70	2.78	2.62	2.34	2.75	2.62	2.75	2.45	2.70	2.44	2.38	2.74	0.00	2.68	2.46	2.34	2.49	2.26	2.44
MH_sensitive_DRR127692_SemiBin_11	1.14	1.06	1.19	3.10	1.24	3.27	1.14	3.11	1.88	3.11	2.60	1.22	2.68	0.00	3.16	2.58	3.12	2.59	3.11
MH_sensitive_DRR127708_SemiBin_52	3.29	3.23	3.36	0.99	3.14	1.20	3.36	0.99	3.10	1.64	3.39	3.10	2.46	3.16	0.00	2.62	1.43	2.95	0.92
MH_sensitive_DRR127721_SemiBin_53	2.73	2.50	2.76	2.80	2.79	2.90	2.63	2.83	2.84	2.66	2.49	2.57	2.34	2.58	2.62	0.00	2.82	2.25	2.81
MH_sensitive_DRR127736_SemiBin_32	3.11	3.05	3.09	1.43	3.14	1.63	3.14	1.74	3.29	1.60	3.47	2.93	2.49	3.12	1.43	2.82	0.00	3.05	1.53
MH_sensitive_DRR127751_SemiBin_5	2.62	2.66	2.56	3.04	2.68	3.19	2.67	3.22	2.65	2.90	1.81	2.48	2.26	2.59	2.95	2.25	3.05	0.00	3.20
MH_sensitive_DRR171465_SemiBin_39	3.07	3.19	3.37	1.09	3.09	0.28	2.98	1.03	3.01	1.63	3.34	3.09	2.44	3.11	0.92	2.81	1.53	3.20	0.00
